{
  "data": [
    {
      "ID": "20334",
      "num": "80"
    },
    {
      "ID": "20325",
      "num": "62"
    },
    {
      "ID": "20313",
      "num": "87"
    },
    {
      "ID": "20309",
      "num": "92"
    },
    {
      "ID": "20306",
      "num": "48"
    },
    {
      "ID": "20305",
      "num": "44"
    },
    {
      "ID": "20298",
      "num": "93"
    },
    {
      "ID": "20295",
      "num": "64"
    },
    {
      "ID": "20292",
      "num": "80"
    },
    {
      "ID": "20291",
      "num": "94"
    },
    {
      "ID": "20226",
      "num": "82"
    },
    {
      "ID": "20153",
      "num": "60"
    },
    {
      "ID": "20095",
      "num": "41"
    },
    {
      "ID": "20093",
      "num": "43"
    },
    {
      "ID": "20091",
      "num": "13"
    },
    {
      "ID": "20083",
      "num": "25"
    },
    {
      "ID": "20045",
      "num": "100"
    },
    {
      "ID": "20004",
      "num": "95"
    },
    {
      "ID": "20002",
      "num": "50"
    },
    {
      "ID": "19983",
      "num": "41"
    },
    {
      "ID": "19942",
      "num": "44"
    },
    {
      "ID": "19940",
      "num": "111"
    },
    {
      "ID": "19934",
      "num": "17"
    },
    {
      "ID": "19919",
      "num": "25"
    },
    {
      "ID": "19898",
      "num": "42"
    },
    {
      "ID": "19889",
      "num": "59"
    },
    {
      "ID": "19809",
      "num": "17"
    },
    {
      "ID": "19800",
      "num": "35"
    },
    {
      "ID": "19640",
      "num": "48"
    },
    {
      "ID": "19531",
      "num": "108"
    },
    {
      "ID": "19529",
      "num": "80"
    },
    {
      "ID": "19353",
      "num": "46"
    },
    {
      "ID": "19340",
      "num": "50"
    },
    {
      "ID": "19316",
      "num": "34"
    },
    {
      "ID": "19169",
      "num": "50"
    },
    {
      "ID": "19163",
      "num": "48"
    },
    {
      "ID": "18939",
      "num": "88"
    },
    {
      "ID": "18938",
      "num": "91"
    },
    {
      "ID": "18937",
      "num": "160"
    },
    {
      "ID": "18685",
      "num": "97"
    },
    {
      "ID": "18681",
      "num": "105"
    },
    {
      "ID": "18679",
      "num": "126"
    },
    {
      "ID": "18676",
      "num": "123"
    },
    {
      "ID": "18629",
      "num": "35"
    },
    {
      "ID": "18288",
      "num": "45"
    },
    {
      "ID": "18285",
      "num": "57"
    },
    {
      "ID": "18278",
      "num": "54"
    },
    {
      "ID": "18260",
      "num": "17"
    },
    {
      "ID": "18248",
      "num": "10"
    },
    {
      "ID": "18232",
      "num": "26"
    },
    {
      "ID": "18225",
      "num": "63"
    },
    {
      "ID": "18208",
      "num": "79"
    },
    {
      "ID": "18096",
      "num": "76"
    },
    {
      "ID": "17736",
      "num": "45"
    },
    {
      "ID": "17676",
      "num": "65"
    },
    {
      "ID": "17491",
      "num": "33"
    },
    {
      "ID": "17488",
      "num": "33"
    },
    {
      "ID": "17478",
      "num": "108"
    },
    {
      "ID": "17456",
      "num": "83"
    },
    {
      "ID": "17455",
      "num": "91"
    },
    {
      "ID": "17454",
      "num": "93"
    },
    {
      "ID": "17453",
      "num": "86"
    },
    {
      "ID": "17452",
      "num": "103"
    },
    {
      "ID": "17451",
      "num": "66"
    },
    {
      "ID": "17448",
      "num": "165"
    },
    {
      "ID": "17447",
      "num": "94"
    },
    {
      "ID": "17446",
      "num": "141"
    },
    {
      "ID": "17440",
      "num": "36"
    },
    {
      "ID": "17435",
      "num": "62"
    },
    {
      "ID": "17434",
      "num": "92"
    },
    {
      "ID": "17432",
      "num": "98"
    },
    {
      "ID": "17431",
      "num": "78"
    },
    {
      "ID": "17429",
      "num": "64"
    },
    {
      "ID": "17426",
      "num": "212"
    },
    {
      "ID": "17422",
      "num": "83"
    },
    {
      "ID": "17421",
      "num": "105"
    },
    {
      "ID": "17419",
      "num": "85"
    },
    {
      "ID": "17417",
      "num": "63"
    },
    {
      "ID": "17416",
      "num": "68"
    },
    {
      "ID": "17415",
      "num": "61"
    },
    {
      "ID": "17061",
      "num": "90"
    },
    {
      "ID": "17014",
      "num": "79"
    },
    {
      "ID": "17000",
      "num": "70"
    },
    {
      "ID": "16983",
      "num": "58"
    },
    {
      "ID": "16973",
      "num": "44"
    },
    {
      "ID": "16900",
      "num": "78"
    },
    {
      "ID": "16889",
      "num": "96"
    },
    {
      "ID": "16887",
      "num": "110"
    },
    {
      "ID": "16885",
      "num": "100"
    },
    {
      "ID": "16883",
      "num": "71"
    },
    {
      "ID": "16879",
      "num": "83"
    },
    {
      "ID": "16878",
      "num": "102"
    },
    {
      "ID": "16876",
      "num": "88"
    },
    {
      "ID": "16875",
      "num": "85"
    },
    {
      "ID": "16874",
      "num": "95"
    },
    {
      "ID": "16871",
      "num": "113"
    },
    {
      "ID": "16870",
      "num": "131"
    },
    {
      "ID": "16865",
      "num": "75"
    },
    {
      "ID": "16864",
      "num": "103"
    },
    {
      "ID": "16861",
      "num": "136"
    },
    {
      "ID": "16856",
      "num": "134"
    },
    {
      "ID": "16854",
      "num": "120"
    },
    {
      "ID": "16847",
      "num": "105"
    },
    {
      "ID": "16846",
      "num": "132"
    },
    {
      "ID": "16845",
      "num": "77"
    },
    {
      "ID": "16844",
      "num": "152"
    },
    {
      "ID": "16840",
      "num": "47"
    },
    {
      "ID": "16834",
      "num": "91"
    },
    {
      "ID": "16665",
      "num": "51"
    },
    {
      "ID": "16655",
      "num": "53"
    },
    {
      "ID": "16644",
      "num": "161"
    },
    {
      "ID": "16618",
      "num": "48"
    },
    {
      "ID": "16584",
      "num": "50"
    },
    {
      "ID": "16491",
      "num": "43"
    },
    {
      "ID": "16394",
      "num": "53"
    },
    {
      "ID": "16371",
      "num": "69"
    },
    {
      "ID": "16331",
      "num": "99"
    },
    {
      "ID": "16121",
      "num": "75"
    },
    {
      "ID": "16108",
      "num": "89"
    },
    {
      "ID": "16106",
      "num": "86"
    },
    {
      "ID": "16104",
      "num": "95"
    },
    {
      "ID": "16103",
      "num": "77"
    },
    {
      "ID": "16101",
      "num": "85"
    },
    {
      "ID": "16094",
      "num": "71"
    },
    {
      "ID": "16039",
      "num": "45"
    },
    {
      "ID": "16028",
      "num": "32"
    },
    {
      "ID": "16023",
      "num": "45"
    },
    {
      "ID": "16022",
      "num": "35"
    },
    {
      "ID": "16019",
      "num": "55"
    },
    {
      "ID": "15549",
      "num": "47"
    },
    {
      "ID": "15516",
      "num": "35"
    },
    {
      "ID": "15335",
      "num": "61"
    },
    {
      "ID": "15282",
      "num": "97"
    },
    {
      "ID": "15230",
      "num": "63"
    },
    {
      "ID": "15004",
      "num": "39"
    },
    {
      "ID": "14496",
      "num": "43"
    },
    {
      "ID": "14340",
      "num": "40"
    },
    {
      "ID": "14101",
      "num": "43"
    },
    {
      "ID": "13925",
      "num": "49"
    },
    {
      "ID": "13919",
      "num": "38"
    },
    {
      "ID": "13819",
      "num": "23"
    },
    {
      "ID": "13798",
      "num": "43"
    },
    {
      "ID": "13797",
      "num": "50"
    },
    {
      "ID": "13540",
      "num": "45"
    },
    {
      "ID": "13492",
      "num": "47"
    },
    {
      "ID": "13471",
      "num": "40"
    },
    {
      "ID": "13291",
      "num": "92"
    },
    {
      "ID": "13220",
      "num": "69"
    },
    {
      "ID": "13216",
      "num": "56"
    },
    {
      "ID": "13183",
      "num": "48"
    },
    {
      "ID": "13180",
      "num": "62"
    },
    {
      "ID": "13178",
      "num": "50"
    },
    {
      "ID": "13166",
      "num": "45"
    },
    {
      "ID": "13153",
      "num": "60"
    },
    {
      "ID": "13148",
      "num": "55"
    },
    {
      "ID": "13122",
      "num": "51"
    },
    {
      "ID": "13119",
      "num": "46"
    },
    {
      "ID": "13116",
      "num": "46"
    },
    {
      "ID": "13111",
      "num": "40"
    },
    {
      "ID": "13109",
      "num": "40"
    },
    {
      "ID": "13106",
      "num": "40"
    },
    {
      "ID": "13105",
      "num": "40"
    },
    {
      "ID": "13092",
      "num": "60"
    },
    {
      "ID": "13091",
      "num": "55"
    },
    {
      "ID": "13089",
      "num": "50"
    },
    {
      "ID": "13083",
      "num": "45"
    },
    {
      "ID": "13078",
      "num": "65"
    },
    {
      "ID": "13076",
      "num": "35"
    },
    {
      "ID": "13065",
      "num": "51"
    },
    {
      "ID": "13063",
      "num": "59"
    },
    {
      "ID": "13061",
      "num": "60"
    },
    {
      "ID": "13057",
      "num": "53"
    },
    {
      "ID": "13045",
      "num": "53"
    },
    {
      "ID": "13039",
      "num": "54"
    },
    {
      "ID": "13036",
      "num": "97"
    },
    {
      "ID": "13025",
      "num": "59"
    },
    {
      "ID": "13000",
      "num": "49"
    },
    {
      "ID": "12994",
      "num": "65"
    },
    {
      "ID": "12894",
      "num": "30"
    },
    {
      "ID": "12838",
      "num": "42"
    },
    {
      "ID": "12775",
      "num": "65"
    },
    {
      "ID": "12608",
      "num": "40"
    },
    {
      "ID": "12584",
      "num": "40"
    },
    {
      "ID": "12501",
      "num": "54"
    },
    {
      "ID": "12450",
      "num": "99"
    },
    {
      "ID": "12433",
      "num": "40"
    },
    {
      "ID": "12431",
      "num": "42"
    },
    {
      "ID": "12427",
      "num": "40"
    },
    {
      "ID": "12421",
      "num": "46"
    },
    {
      "ID": "12416",
      "num": "29"
    },
    {
      "ID": "12415",
      "num": "42"
    },
    {
      "ID": "12411",
      "num": "41"
    },
    {
      "ID": "12397",
      "num": "39"
    },
    {
      "ID": "12394",
      "num": "49"
    },
    {
      "ID": "12390",
      "num": "45"
    },
    {
      "ID": "12386",
      "num": "64"
    },
    {
      "ID": "12381",
      "num": "30"
    },
    {
      "ID": "12339",
      "num": "51"
    },
    {
      "ID": "12131",
      "num": "34"
    },
    {
      "ID": "12116",
      "num": "37"
    },
    {
      "ID": "11919",
      "num": "53"
    },
    {
      "ID": "11760",
      "num": "24"
    },
    {
      "ID": "11720",
      "num": "52"
    },
    {
      "ID": "11717",
      "num": "39"
    },
    {
      "ID": "11662",
      "num": "19"
    },
    {
      "ID": "11587",
      "num": "32"
    },
    {
      "ID": "11507",
      "num": "55"
    },
    {
      "ID": "11505",
      "num": "31"
    },
    {
      "ID": "11501",
      "num": "52"
    },
    {
      "ID": "11490",
      "num": "38"
    },
    {
      "ID": "11487",
      "num": "44"
    },
    {
      "ID": "11486",
      "num": "31"
    },
    {
      "ID": "11479",
      "num": "43"
    },
    {
      "ID": "11474",
      "num": "60"
    },
    {
      "ID": "11468",
      "num": "52"
    },
    {
      "ID": "11465",
      "num": "58"
    },
    {
      "ID": "11464",
      "num": "46"
    },
    {
      "ID": "11461",
      "num": "44"
    },
    {
      "ID": "11460",
      "num": "50"
    },
    {
      "ID": "11439",
      "num": "38"
    },
    {
      "ID": "11438",
      "num": "38"
    },
    {
      "ID": "11437",
      "num": "42"
    },
    {
      "ID": "11436",
      "num": "40"
    },
    {
      "ID": "11415",
      "num": "40"
    },
    {
      "ID": "11401",
      "num": "39"
    },
    {
      "ID": "11399",
      "num": "41"
    },
    {
      "ID": "11398",
      "num": "33"
    },
    {
      "ID": "11389",
      "num": "25"
    },
    {
      "ID": "11348",
      "num": "52"
    },
    {
      "ID": "11344",
      "num": "50"
    },
    {
      "ID": "11336",
      "num": "46"
    },
    {
      "ID": "11283",
      "num": "36"
    },
    {
      "ID": "10929",
      "num": "56"
    },
    {
      "ID": "10915",
      "num": "99"
    },
    {
      "ID": "10825",
      "num": "38"
    },
    {
      "ID": "10777",
      "num": "57"
    },
    {
      "ID": "10776",
      "num": "55"
    },
    {
      "ID": "10740",
      "num": "22"
    },
    {
      "ID": "10739",
      "num": "47"
    },
    {
      "ID": "10736",
      "num": "50"
    },
    {
      "ID": "10732",
      "num": "38"
    },
    {
      "ID": "10675",
      "num": "64"
    },
    {
      "ID": "10643",
      "num": "31"
    },
    {
      "ID": "10621",
      "num": "64"
    },
    {
      "ID": "10619",
      "num": "63"
    },
    {
      "ID": "10616",
      "num": "41"
    },
    {
      "ID": "10614",
      "num": "32"
    },
    {
      "ID": "10594",
      "num": "51"
    },
    {
      "ID": "10491",
      "num": "59"
    },
    {
      "ID": "10475",
      "num": "53"
    },
    {
      "ID": "10471",
      "num": "39"
    },
    {
      "ID": "10442",
      "num": "50"
    },
    {
      "ID": "10440",
      "num": "37"
    },
    {
      "ID": "10439",
      "num": "36"
    },
    {
      "ID": "10438",
      "num": "42"
    },
    {
      "ID": "10437",
      "num": "43"
    },
    {
      "ID": "10436",
      "num": "47"
    },
    {
      "ID": "10406",
      "num": "27"
    },
    {
      "ID": "10367",
      "num": "55"
    },
    {
      "ID": "10362",
      "num": "58"
    },
    {
      "ID": "10361",
      "num": "30"
    },
    {
      "ID": "10327",
      "num": "40"
    },
    {
      "ID": "10316",
      "num": "40"
    },
    {
      "ID": "10274",
      "num": "75"
    },
    {
      "ID": "10272",
      "num": "90"
    },
    {
      "ID": "10269",
      "num": "100"
    },
    {
      "ID": "10262",
      "num": "101"
    },
    {
      "ID": "10261",
      "num": "100"
    },
    {
      "ID": "10260",
      "num": "100"
    },
    {
      "ID": "10255",
      "num": "94"
    },
    {
      "ID": "10234",
      "num": "30"
    },
    {
      "ID": "10220",
      "num": "30"
    },
    {
      "ID": "10205",
      "num": "29"
    },
    {
      "ID": "10166",
      "num": "61"
    },
    {
      "ID": "10162",
      "num": "48"
    },
    {
      "ID": "10124",
      "num": "41"
    },
    {
      "ID": "10065",
      "num": "30"
    },
    {
      "ID": "10063",
      "num": "46"
    },
    {
      "ID": "10044",
      "num": "40"
    },
    {
      "ID": "10022",
      "num": "65"
    },
    {
      "ID": "9991",
      "num": "15"
    },
    {
      "ID": "9990",
      "num": "80"
    },
    {
      "ID": "9982",
      "num": "55"
    },
    {
      "ID": "9975",
      "num": "36"
    },
    {
      "ID": "9971",
      "num": "80"
    },
    {
      "ID": "9967",
      "num": "15"
    },
    {
      "ID": "9953",
      "num": "76"
    },
    {
      "ID": "9937",
      "num": "80"
    },
    {
      "ID": "9931",
      "num": "30"
    },
    {
      "ID": "9921",
      "num": "15"
    },
    {
      "ID": "9910",
      "num": "30"
    },
    {
      "ID": "9903",
      "num": "68"
    },
    {
      "ID": "9899",
      "num": "10"
    },
    {
      "ID": "9892",
      "num": "80"
    },
    {
      "ID": "9886",
      "num": "81"
    },
    {
      "ID": "9882",
      "num": "15"
    },
    {
      "ID": "9878",
      "num": "76"
    },
    {
      "ID": "9876",
      "num": "80"
    },
    {
      "ID": "9873",
      "num": "66"
    },
    {
      "ID": "9872",
      "num": "80"
    },
    {
      "ID": "9869",
      "num": "80"
    },
    {
      "ID": "9868",
      "num": "80"
    },
    {
      "ID": "9866",
      "num": "80"
    },
    {
      "ID": "9863",
      "num": "80"
    },
    {
      "ID": "9858",
      "num": "80"
    },
    {
      "ID": "9850",
      "num": "80"
    },
    {
      "ID": "9838",
      "num": "49"
    },
    {
      "ID": "9834",
      "num": "49"
    },
    {
      "ID": "9831",
      "num": "100"
    },
    {
      "ID": "9808",
      "num": "62"
    },
    {
      "ID": "9804",
      "num": "61"
    },
    {
      "ID": "9799",
      "num": "43"
    },
    {
      "ID": "9786",
      "num": "48"
    },
    {
      "ID": "9767",
      "num": "29"
    },
    {
      "ID": "9742",
      "num": "40"
    },
    {
      "ID": "9738",
      "num": "42"
    },
    {
      "ID": "9735",
      "num": "65"
    },
    {
      "ID": "9718",
      "num": "40"
    },
    {
      "ID": "9697",
      "num": "66"
    },
    {
      "ID": "9688",
      "num": "38"
    },
    {
      "ID": "9682",
      "num": "52"
    },
    {
      "ID": "9681",
      "num": "60"
    },
    {
      "ID": "9631",
      "num": "30"
    },
    {
      "ID": "9627",
      "num": "46"
    },
    {
      "ID": "9626",
      "num": "40"
    },
    {
      "ID": "9609",
      "num": "31"
    },
    {
      "ID": "9597",
      "num": "40"
    },
    {
      "ID": "9594",
      "num": "40"
    },
    {
      "ID": "9514",
      "num": "80"
    },
    {
      "ID": "9501",
      "num": "80"
    },
    {
      "ID": "9478",
      "num": "80"
    },
    {
      "ID": "9470",
      "num": "90"
    },
    {
      "ID": "9447",
      "num": "70"
    },
    {
      "ID": "9403",
      "num": "42"
    },
    {
      "ID": "9379",
      "num": "54"
    },
    {
      "ID": "9373",
      "num": "40"
    },
    {
      "ID": "9372",
      "num": "40"
    },
    {
      "ID": "9370",
      "num": "62"
    },
    {
      "ID": "9369",
      "num": "40"
    },
    {
      "ID": "9368",
      "num": "41"
    },
    {
      "ID": "9349",
      "num": "30"
    },
    {
      "ID": "9348",
      "num": "30"
    },
    {
      "ID": "9347",
      "num": "30"
    },
    {
      "ID": "9345",
      "num": "29"
    },
    {
      "ID": "9342",
      "num": "41"
    },
    {
      "ID": "9340",
      "num": "70"
    },
    {
      "ID": "9325",
      "num": "40"
    },
    {
      "ID": "9209",
      "num": "50"
    },
    {
      "ID": "9198",
      "num": "63"
    },
    {
      "ID": "9196",
      "num": "73"
    },
    {
      "ID": "9192",
      "num": "67"
    },
    {
      "ID": "9165",
      "num": "40"
    },
    {
      "ID": "9157",
      "num": "40"
    },
    {
      "ID": "9144",
      "num": "14"
    },
    {
      "ID": "9022",
      "num": "48"
    },
    {
      "ID": "9021",
      "num": "47"
    },
    {
      "ID": "8979",
      "num": "26"
    },
    {
      "ID": "8946",
      "num": "67"
    },
    {
      "ID": "8940",
      "num": "80"
    },
    {
      "ID": "8925",
      "num": "20"
    },
    {
      "ID": "8921",
      "num": "17"
    },
    {
      "ID": "8912",
      "num": "54"
    },
    {
      "ID": "8862",
      "num": "85"
    },
    {
      "ID": "8855",
      "num": "90"
    },
    {
      "ID": "8847",
      "num": "80"
    },
    {
      "ID": "8822",
      "num": "100"
    },
    {
      "ID": "8817",
      "num": "189"
    },
    {
      "ID": "8801",
      "num": "90"
    },
    {
      "ID": "8798",
      "num": "90"
    },
    {
      "ID": "8742",
      "num": "51"
    },
    {
      "ID": "8674",
      "num": "65"
    },
    {
      "ID": "8669",
      "num": "68"
    },
    {
      "ID": "8662",
      "num": "52"
    },
    {
      "ID": "8642",
      "num": "90"
    },
    {
      "ID": "8639",
      "num": "100"
    },
    {
      "ID": "8631",
      "num": "52"
    },
    {
      "ID": "8578",
      "num": "20"
    },
    {
      "ID": "8469",
      "num": "77"
    },
    {
      "ID": "8453",
      "num": "28"
    },
    {
      "ID": "8447",
      "num": "29"
    },
    {
      "ID": "8425",
      "num": "31"
    },
    {
      "ID": "8421",
      "num": "65"
    },
    {
      "ID": "8406",
      "num": "100"
    },
    {
      "ID": "8397",
      "num": "100"
    },
    {
      "ID": "8395",
      "num": "100"
    },
    {
      "ID": "8378",
      "num": "60"
    },
    {
      "ID": "8355",
      "num": "19"
    },
    {
      "ID": "8336",
      "num": "40"
    },
    {
      "ID": "8322",
      "num": "62"
    },
    {
      "ID": "8312",
      "num": "55"
    },
    {
      "ID": "8305",
      "num": "65"
    },
    {
      "ID": "8297",
      "num": "20"
    },
    {
      "ID": "8293",
      "num": "38"
    },
    {
      "ID": "8289",
      "num": "20"
    },
    {
      "ID": "8283",
      "num": "36"
    },
    {
      "ID": "8278",
      "num": "32"
    },
    {
      "ID": "8227",
      "num": "40"
    },
    {
      "ID": "8152",
      "num": "54"
    },
    {
      "ID": "8132",
      "num": "45"
    },
    {
      "ID": "8067",
      "num": "43"
    },
    {
      "ID": "8056",
      "num": "36"
    },
    {
      "ID": "8032",
      "num": "26"
    },
    {
      "ID": "8024",
      "num": "33"
    },
    {
      "ID": "8003",
      "num": "33"
    },
    {
      "ID": "7996",
      "num": "38"
    },
    {
      "ID": "7976",
      "num": "50"
    },
    {
      "ID": "7963",
      "num": "59"
    },
    {
      "ID": "7936",
      "num": "49"
    },
    {
      "ID": "7816",
      "num": "40"
    },
    {
      "ID": "7803",
      "num": "40"
    },
    {
      "ID": "7767",
      "num": "49"
    },
    {
      "ID": "7755",
      "num": "65"
    },
    {
      "ID": "7708",
      "num": "50"
    },
    {
      "ID": "7657",
      "num": "48"
    },
    {
      "ID": "7642",
      "num": "57"
    },
    {
      "ID": "7637",
      "num": "57"
    },
    {
      "ID": "7634",
      "num": "74"
    },
    {
      "ID": "7564",
      "num": "44"
    },
    {
      "ID": "7562",
      "num": "41"
    },
    {
      "ID": "7552",
      "num": "42"
    },
    {
      "ID": "7548",
      "num": "51"
    },
    {
      "ID": "7535",
      "num": "80"
    },
    {
      "ID": "7523",
      "num": "80"
    },
    {
      "ID": "7353",
      "num": "92"
    },
    {
      "ID": "7314",
      "num": "70"
    },
    {
      "ID": "7313",
      "num": "88"
    },
    {
      "ID": "7262",
      "num": "53"
    },
    {
      "ID": "7236",
      "num": "99"
    },
    {
      "ID": "7220",
      "num": "43"
    },
    {
      "ID": "7212",
      "num": "34"
    },
    {
      "ID": "7194",
      "num": "26"
    },
    {
      "ID": "7179",
      "num": "48"
    },
    {
      "ID": "7169",
      "num": "66"
    },
    {
      "ID": "7168",
      "num": "60"
    },
    {
      "ID": "7167",
      "num": "50"
    },
    {
      "ID": "7124",
      "num": "39"
    },
    {
      "ID": "7115",
      "num": "39"
    },
    {
      "ID": "7113",
      "num": "39"
    },
    {
      "ID": "7096",
      "num": "40"
    },
    {
      "ID": "7085",
      "num": "40"
    },
    {
      "ID": "7081",
      "num": "40"
    },
    {
      "ID": "7076",
      "num": "40"
    },
    {
      "ID": "7049",
      "num": "39"
    },
    {
      "ID": "7040",
      "num": "46"
    },
    {
      "ID": "7034",
      "num": "50"
    },
    {
      "ID": "6988",
      "num": "32"
    },
    {
      "ID": "6987",
      "num": "29"
    },
    {
      "ID": "6976",
      "num": "28"
    },
    {
      "ID": "6957",
      "num": "40"
    },
    {
      "ID": "6945",
      "num": "27"
    },
    {
      "ID": "6941",
      "num": "40"
    },
    {
      "ID": "6914",
      "num": "54"
    },
    {
      "ID": "6897",
      "num": "71"
    },
    {
      "ID": "6889",
      "num": "122"
    },
    {
      "ID": "6786",
      "num": "40"
    },
    {
      "ID": "6765",
      "num": "37"
    },
    {
      "ID": "6718",
      "num": "53"
    },
    {
      "ID": "6710",
      "num": "34"
    },
    {
      "ID": "6689",
      "num": "43"
    },
    {
      "ID": "6586",
      "num": "40"
    },
    {
      "ID": "6583",
      "num": "40"
    },
    {
      "ID": "6571",
      "num": "49"
    },
    {
      "ID": "6425",
      "num": "65"
    },
    {
      "ID": "6398",
      "num": "40"
    },
    {
      "ID": "6392",
      "num": "47"
    },
    {
      "ID": "6110",
      "num": "68"
    },
    {
      "ID": "6082",
      "num": "62"
    },
    {
      "ID": "5893",
      "num": "64"
    },
    {
      "ID": "5886",
      "num": "55"
    },
    {
      "ID": "5873",
      "num": "49"
    },
    {
      "ID": "5872",
      "num": "99"
    },
    {
      "ID": "5871",
      "num": "104"
    },
    {
      "ID": "5854",
      "num": "40"
    },
    {
      "ID": "5821",
      "num": "50"
    },
    {
      "ID": "5767",
      "num": "70"
    },
    {
      "ID": "5721",
      "num": "50"
    },
    {
      "ID": "5700",
      "num": "9"
    },
    {
      "ID": "5686",
      "num": "65"
    },
    {
      "ID": "5536",
      "num": "37"
    },
    {
      "ID": "5530",
      "num": "37"
    },
    {
      "ID": "5513",
      "num": "36"
    },
    {
      "ID": "5505",
      "num": "36"
    },
    {
      "ID": "5494",
      "num": "36"
    },
    {
      "ID": "5471",
      "num": "68"
    },
    {
      "ID": "5425",
      "num": "44"
    },
    {
      "ID": "5407",
      "num": "31"
    },
    {
      "ID": "5393",
      "num": "30"
    },
    {
      "ID": "5354",
      "num": "58"
    },
    {
      "ID": "5352",
      "num": "85"
    },
    {
      "ID": "5324",
      "num": "50"
    },
    {
      "ID": "5322",
      "num": "100"
    },
    {
      "ID": "5321",
      "num": "75"
    },
    {
      "ID": "5317",
      "num": "95"
    },
    {
      "ID": "5302",
      "num": "50"
    },
    {
      "ID": "5300",
      "num": "50"
    },
    {
      "ID": "5278",
      "num": "62"
    },
    {
      "ID": "5276",
      "num": "63"
    },
    {
      "ID": "5248",
      "num": "50"
    },
    {
      "ID": "5247",
      "num": "47"
    },
    {
      "ID": "5233",
      "num": "60"
    },
    {
      "ID": "5228",
      "num": "65"
    },
    {
      "ID": "5195",
      "num": "70"
    },
    {
      "ID": "5193",
      "num": "70"
    },
    {
      "ID": "5181",
      "num": "32"
    },
    {
      "ID": "5180",
      "num": "30"
    },
    {
      "ID": "5179",
      "num": "17"
    },
    {
      "ID": "5177",
      "num": "27"
    },
    {
      "ID": "5176",
      "num": "19"
    },
    {
      "ID": "5175",
      "num": "16"
    },
    {
      "ID": "5174",
      "num": "30"
    },
    {
      "ID": "5173",
      "num": "36"
    },
    {
      "ID": "5170",
      "num": "15"
    },
    {
      "ID": "5165",
      "num": "26"
    },
    {
      "ID": "5164",
      "num": "15"
    },
    {
      "ID": "5163",
      "num": "17"
    },
    {
      "ID": "5161",
      "num": "22"
    },
    {
      "ID": "5157",
      "num": "24"
    },
    {
      "ID": "5155",
      "num": "25"
    },
    {
      "ID": "5153",
      "num": "20"
    },
    {
      "ID": "5150",
      "num": "17"
    },
    {
      "ID": "5148",
      "num": "18"
    },
    {
      "ID": "5146",
      "num": "19"
    },
    {
      "ID": "5143",
      "num": "200"
    },
    {
      "ID": "5141",
      "num": "96"
    },
    {
      "ID": "5135",
      "num": "234"
    },
    {
      "ID": "5130",
      "num": "47"
    },
    {
      "ID": "5129",
      "num": "184"
    },
    {
      "ID": "5126",
      "num": "99"
    },
    {
      "ID": "5125",
      "num": "98"
    },
    {
      "ID": "5119",
      "num": "103"
    },
    {
      "ID": "4877",
      "num": "50"
    },
    {
      "ID": "4811",
      "num": "99"
    },
    {
      "ID": "4778",
      "num": "35"
    },
    {
      "ID": "4748",
      "num": "60"
    },
    {
      "ID": "4741",
      "num": "38"
    },
    {
      "ID": "4735",
      "num": "45"
    },
    {
      "ID": "4731",
      "num": "34"
    },
    {
      "ID": "4725",
      "num": "30"
    },
    {
      "ID": "4708",
      "num": "85"
    },
    {
      "ID": "4701",
      "num": "60"
    },
    {
      "ID": "4692",
      "num": "36"
    },
    {
      "ID": "4687",
      "num": "53"
    },
    {
      "ID": "4681",
      "num": "63"
    },
    {
      "ID": "4649",
      "num": "60"
    },
    {
      "ID": "4630",
      "num": "68"
    },
    {
      "ID": "4629",
      "num": "24"
    },
    {
      "ID": "4619",
      "num": "76"
    },
    {
      "ID": "4617",
      "num": "58"
    },
    {
      "ID": "4548",
      "num": "98"
    },
    {
      "ID": "4516",
      "num": "69"
    },
    {
      "ID": "4427",
      "num": "112"
    },
    {
      "ID": "4425",
      "num": "43"
    },
    {
      "ID": "4400",
      "num": "26"
    },
    {
      "ID": "4364",
      "num": "36"
    },
    {
      "ID": "4285",
      "num": "60"
    },
    {
      "ID": "4277",
      "num": "56"
    },
    {
      "ID": "4272",
      "num": "68"
    },
    {
      "ID": "4265",
      "num": "73"
    },
    {
      "ID": "4262",
      "num": "51"
    },
    {
      "ID": "4256",
      "num": "45"
    },
    {
      "ID": "4248",
      "num": "62"
    },
    {
      "ID": "4188",
      "num": "52"
    },
    {
      "ID": "4184",
      "num": "50"
    },
    {
      "ID": "4183",
      "num": "45"
    },
    {
      "ID": "4172",
      "num": "50"
    },
    {
      "ID": "4113",
      "num": "50"
    },
    {
      "ID": "4078",
      "num": "46"
    },
    {
      "ID": "4068",
      "num": "50"
    },
    {
      "ID": "4066",
      "num": "33"
    },
    {
      "ID": "4065",
      "num": "49"
    },
    {
      "ID": "4045",
      "num": "100"
    },
    {
      "ID": "4043",
      "num": "99"
    },
    {
      "ID": "4021",
      "num": "49"
    },
    {
      "ID": "4003",
      "num": "60"
    },
    {
      "ID": "3981",
      "num": "60"
    },
    {
      "ID": "3637",
      "num": "44"
    },
    {
      "ID": "3629",
      "num": "31"
    },
    {
      "ID": "3593",
      "num": "49"
    },
    {
      "ID": "3592",
      "num": "53"
    },
    {
      "ID": "3561",
      "num": "34"
    },
    {
      "ID": "3531",
      "num": "47"
    },
    {
      "ID": "3520",
      "num": "54"
    },
    {
      "ID": "3519",
      "num": "35"
    },
    {
      "ID": "3493",
      "num": "102"
    },
    {
      "ID": "3470",
      "num": "153"
    },
    {
      "ID": "3463",
      "num": "50"
    },
    {
      "ID": "3458",
      "num": "54"
    },
    {
      "ID": "3442",
      "num": "20"
    },
    {
      "ID": "3421",
      "num": "54"
    },
    {
      "ID": "3420",
      "num": "48"
    },
    {
      "ID": "3415",
      "num": "27"
    },
    {
      "ID": "3414",
      "num": "39"
    },
    {
      "ID": "3395",
      "num": "53"
    },
    {
      "ID": "3387",
      "num": "49"
    },
    {
      "ID": "3384",
      "num": "48"
    },
    {
      "ID": "3380",
      "num": "51"
    },
    {
      "ID": "3376",
      "num": "34"
    },
    {
      "ID": "3373",
      "num": "51"
    },
    {
      "ID": "3360",
      "num": "51"
    },
    {
      "ID": "3358",
      "num": "33"
    },
    {
      "ID": "3354",
      "num": "47"
    },
    {
      "ID": "3344",
      "num": "56"
    },
    {
      "ID": "3336",
      "num": "39"
    },
    {
      "ID": "3315",
      "num": "40"
    },
    {
      "ID": "3300",
      "num": "50"
    },
    {
      "ID": "3291",
      "num": "49"
    },
    {
      "ID": "3290",
      "num": "52"
    },
    {
      "ID": "3289",
      "num": "58"
    },
    {
      "ID": "3267",
      "num": "72"
    },
    {
      "ID": "3265",
      "num": "79"
    },
    {
      "ID": "3218",
      "num": "48"
    },
    {
      "ID": "3209",
      "num": "57"
    },
    {
      "ID": "3202",
      "num": "54"
    },
    {
      "ID": "3199",
      "num": "53"
    },
    {
      "ID": "3173",
      "num": "81"
    },
    {
      "ID": "3171",
      "num": "30"
    },
    {
      "ID": "3162",
      "num": "83"
    },
    {
      "ID": "3078",
      "num": "100"
    },
    {
      "ID": "3063",
      "num": "99"
    },
    {
      "ID": "3040",
      "num": "100"
    },
    {
      "ID": "2913",
      "num": "118"
    },
    {
      "ID": "2897",
      "num": "84"
    },
    {
      "ID": "2817",
      "num": "80"
    },
    {
      "ID": "2771",
      "num": "100"
    },
    {
      "ID": "2751",
      "num": "72"
    },
    {
      "ID": "2733",
      "num": "67"
    },
    {
      "ID": "2710",
      "num": "74"
    },
    {
      "ID": "2704",
      "num": "57"
    },
    {
      "ID": "2702",
      "num": "66"
    },
    {
      "ID": "2604",
      "num": "45"
    },
    {
      "ID": "2495",
      "num": "110"
    },
    {
      "ID": "2494",
      "num": "170"
    },
    {
      "ID": "2493",
      "num": "110"
    },
    {
      "ID": "2464",
      "num": "80"
    },
    {
      "ID": "2462",
      "num": "75"
    },
    {
      "ID": "2425",
      "num": "80"
    },
    {
      "ID": "2260",
      "num": "30"
    },
    {
      "ID": "2137",
      "num": "100"
    },
    {
      "ID": "2133",
      "num": "102"
    },
    {
      "ID": "2128",
      "num": "101"
    },
    {
      "ID": "2127",
      "num": "98"
    },
    {
      "ID": "2117",
      "num": "110"
    },
    {
      "ID": "2115",
      "num": "108"
    },
    {
      "ID": "2113",
      "num": "100"
    },
    {
      "ID": "2112",
      "num": "96"
    },
    {
      "ID": "2106",
      "num": "103"
    },
    {
      "ID": "2094",
      "num": "120"
    },
    {
      "ID": "2078",
      "num": "102"
    },
    {
      "ID": "2060",
      "num": "99"
    },
    {
      "ID": "2057",
      "num": "102"
    },
    {
      "ID": "1964",
      "num": "100"
    },
    {
      "ID": "1959",
      "num": "120"
    },
    {
      "ID": "1923",
      "num": "88"
    },
    {
      "ID": "1905",
      "num": "46"
    },
    {
      "ID": "1904",
      "num": "28"
    },
    {
      "ID": "1891",
      "num": "31"
    },
    {
      "ID": "1879",
      "num": "50"
    },
    {
      "ID": "1299",
      "num": "40"
    },
    {
      "ID": "1297",
      "num": "100"
    },
    {
      "ID": "1236",
      "num": "60"
    },
    {
      "ID": "1210",
      "num": "60"
    },
    {
      "ID": "1208",
      "num": "60"
    },
    {
      "ID": "1161",
      "num": "50"
    },
    {
      "ID": "1157",
      "num": "50"
    },
    {
      "ID": "1148",
      "num": "60"
    },
    {
      "ID": "1142",
      "num": "50"
    },
    {
      "ID": "1117",
      "num": "51"
    },
    {
      "ID": "1076",
      "num": "68"
    },
    {
      "ID": "1044",
      "num": "39"
    },
    {
      "ID": "1012",
      "num": "37"
    },
    {
      "ID": "972",
      "num": "30"
    },
    {
      "ID": "966",
      "num": "19"
    },
    {
      "ID": "961",
      "num": "36"
    },
    {
      "ID": "960",
      "num": "28"
    },
    {
      "ID": "956",
      "num": "30"
    },
    {
      "ID": "949",
      "num": "34"
    },
    {
      "ID": "933",
      "num": "48"
    },
    {
      "ID": "927",
      "num": "45"
    },
    {
      "ID": "926",
      "num": "36"
    },
    {
      "ID": "908",
      "num": "24"
    },
    {
      "ID": "900",
      "num": "70"
    },
    {
      "ID": "863",
      "num": "41"
    },
    {
      "ID": "862",
      "num": "50"
    },
    {
      "ID": "861",
      "num": "74"
    },
    {
      "ID": "846",
      "num": "53"
    },
    {
      "ID": "832",
      "num": "48"
    },
    {
      "ID": "831",
      "num": "30"
    },
    {
      "ID": "812",
      "num": "58"
    },
    {
      "ID": "795",
      "num": "60"
    },
    {
      "ID": "311",
      "num": "76"
    },
    {
      "ID": "301",
      "num": "100"
    },
    {
      "ID": "293",
      "num": "100"
    },
    {
      "ID": "276",
      "num": "56"
    },
    {
      "ID": "271",
      "num": "96"
    },
    {
      "ID": "263",
      "num": "94"
    },
    {
      "ID": "260",
      "num": "79"
    },
    {
      "ID": "254",
      "num": "98"
    },
    {
      "ID": "253",
      "num": "25"
    },
    {
      "ID": "251",
      "num": "94"
    },
    {
      "ID": "249",
      "num": "100"
    },
    {
      "ID": "248",
      "num": "30"
    },
    {
      "ID": "247",
      "num": "95"
    },
    {
      "ID": "241",
      "num": "47"
    },
    {
      "ID": "237",
      "num": "87"
    },
    {
      "ID": "235",
      "num": "49"
    },
    {
      "ID": "231",
      "num": "52"
    },
    {
      "ID": "229",
      "num": "99"
    },
    {
      "ID": "226",
      "num": "98"
    },
    {
      "ID": "225",
      "num": "92"
    },
    {
      "ID": "224",
      "num": "91"
    },
    {
      "ID": "212",
      "num": "40"
    },
    {
      "ID": "209",
      "num": "68"
    },
    {
      "ID": "207",
      "num": "96"
    },
    {
      "ID": "205",
      "num": "50"
    },
    {
      "ID": "203",
      "num": "95"
    },
    {
      "ID": "198",
      "num": "55"
    },
    {
      "ID": "196",
      "num": "40"
    },
    {
      "ID": "195",
      "num": "50"
    },
    {
      "ID": "191",
      "num": "100"
    },
    {
      "ID": "186",
      "num": "121"
    },
    {
      "ID": "181",
      "num": "110"
    },
    {
      "ID": "175",
      "num": "101"
    },
    {
      "ID": "174",
      "num": "44"
    },
    {
      "ID": "171",
      "num": "50"
    },
    {
      "ID": "161",
      "num": "110"
    },
    {
      "ID": "160",
      "num": "45"
    },
    {
      "ID": "157",
      "num": "78"
    },
    {
      "ID": "153",
      "num": "30"
    },
    {
      "ID": "147",
      "num": "87"
    },
    {
      "ID": "145",
      "num": "43"
    },
    {
      "ID": "141",
      "num": "47"
    },
    {
      "ID": "139",
      "num": "48"
    },
    {
      "ID": "105",
      "num": "105"
    },
    {
      "ID": "83",
      "num": "66"
    }
  ]
}
